windspeed,Vestas.V80.2000
0,0
0.01,0
0.02,0
0.03,0
0.04,0
0.05,0
0.06,0
0.07,0
0.08,0
0.09,0
0.1,0
0.11,0
0.12,0
0.13,0
0.14,0
0.15,0
0.16,0
0.17,0
0.18,0
0.19,0
0.2,0
0.21,0
0.22,0
0.23,0
0.24,0
0.25,0
0.26,0
0.27,0
0.28,0
0.29,0
0.3,0
0.31,0
0.32,0
0.33,0
0.34,0
0.35,0
0.36,0
0.37,0
0.38,0
0.39,0
0.4,0
0.41,0
0.42,0
0.43,0
0.44,0
0.45,0
0.46,0
0.47,0
0.48,0
0.49,0
0.5,0
0.51,0
0.52,0
0.53,0
0.54,0
0.55,0
0.56,0
0.57,0
0.58,0
0.59,0
0.6,0
0.61,0
0.62,0
0.63,0
0.64,0
0.65,0
0.66,0
0.67,0
0.68,0
0.69,0
0.7,0
0.71,0
0.72,0
0.73,0
0.74,0
0.75,0
0.76,0
0.77,0
0.78,0
0.79,0
0.8,0
0.81,0
0.82,0
0.83,0
0.84,0
0.85,0
0.86,0
0.87,0
0.88,0
0.89,0
0.9,0
0.91,0
0.92,0
0.93,0
0.94,0
0.95,0
0.96,0
0.97,0
0.98,0
0.99,0
1,0
1.01,0
1.02,0
1.03,0
1.04,0
1.05,0
1.06,0
1.07,0
1.08,0
1.09,0
1.1,0
1.11,0
1.12,0
1.13,0
1.14,0
1.15,0
1.16,0
1.17,0
1.18,0
1.19,0
1.2,0
1.21,0
1.22,0
1.23,0
1.24,0
1.25,0
1.26,0
1.27,0
1.28,0
1.29,0
1.3,0
1.31,0
1.32,0
1.33,0
1.34,0
1.35,0
1.36,0
1.37,0
1.38,0
1.39,0
1.4,0
1.41,0
1.42,0
1.43,0
1.44,1.00E-06
1.45,1.00E-06
1.46,1.00E-06
1.47,1.00E-06
1.48,2.00E-06
1.49,2.00E-06
1.5,3.00E-06
1.51,3.00E-06
1.52,4.00E-06
1.53,5.00E-06
1.54,6.00E-06
1.55,7.00E-06
1.56,8.00E-06
1.57,9.00E-06
1.58,1.10E-05
1.59,1.20E-05
1.6,1.40E-05
1.61,1.60E-05
1.62,2.00E-05
1.63,2.20E-05
1.64,2.50E-05
1.65,2.80E-05
1.66,3.20E-05
1.67,3.40E-05
1.68,3.80E-05
1.69,4.30E-05
1.7,5.00E-05
1.71,5.60E-05
1.72,5.90E-05
1.73,6.60E-05
1.74,7.30E-05
1.75,8.00E-05
1.76,8.90E-05
1.77,9.70E-05
1.78,0.000107
1.79,0.000122
1.8,0.000133
1.81,0.000145
1.82,0.000152
1.83,0.000166
1.84,0.00018
1.85,0.000195
1.86,0.000211
1.87,0.000228
1.88,0.000247
1.89,0.000266
1.9,0.000286
1.91,0.000319
1.92,0.000331
1.93,0.000355
1.94,0.00038
1.95,0.000421
1.96,0.00045
1.97,0.00048
1.98,0.000495
1.99,0.000528
2,0.000562
2.01,0.000597
2.02,0.000635
2.03,0.000673
2.04,0.000736
2.05,0.000779
2.06,0.000824
2.07,0.000871
2.08,0.000894
2.09,0.000943
2.1,0.000994
2.11,0.001048
2.12,0.001134
2.13,0.001193
2.14,0.00122
2.15,0.001281
2.16,0.001344
2.17,0.00141
2.18,0.001478
2.19,0.001548
2.2,0.001662
2.21,0.001738
2.22,0.001816
2.23,0.001896
2.24,0.001931
2.25,0.002015
2.26,0.0021
2.27,0.002188
2.28,0.002333
2.29,0.002372
2.3,0.002468
2.31,0.002565
2.32,0.002726
2.33,0.00283
2.34,0.002873
2.35,0.002981
2.36,0.003091
2.37,0.003273
2.38,0.00339
2.39,0.003437
2.4,0.003557
2.41,0.00368
2.42,0.003806
2.43,0.003934
2.44,0.004064
2.45,0.004197
2.46,0.004418
2.47,0.004559
2.48,0.004701
2.49,0.004847
2.5,0.004902
2.51,0.005051
2.52,0.005202
2.53,0.005454
2.54,0.005512
2.55,0.005672
2.56,0.005833
2.57,0.005998
2.58,0.006164
2.59,0.006444
2.6,0.006506
2.61,0.006681
2.62,0.006974
2.63,0.007156
2.64,0.007341
2.65,0.007406
2.66,0.007593
2.67,0.007784
2.68,0.007976
2.69,0.008172
2.7,0.00837
2.71,0.00857
2.72,0.008774
2.73,0.008979
2.74,0.009327
2.75,0.009398
2.76,0.009611
2.77,0.009827
2.78,0.010194
2.79,0.010417
2.8,0.01049
2.81,0.010716
2.82,0.010944
2.83,0.011175
2.84,0.011409
2.85,0.011644
2.86,0.011883
2.87,0.01229
2.88,0.012536
2.89,0.012783
2.9,0.013033
2.91,0.013112
2.92,0.013366
2.93,0.013621
2.94,0.013879
2.95,0.014322
2.96,0.014403
2.97,0.014669
2.98,0.014936
2.99,0.015207
3,0.015672
3.01,0.015754
3.02,0.016032
3.03,0.01651
3.04,0.016794
3.05,0.017082
3.06,0.017371
3.07,0.017456
3.08,0.017747
3.09,0.018042
3.1,0.018338
3.11,0.018637
3.12,0.018939
3.13,0.019243
3.14,0.019549
3.15,0.019857
3.16,0.020393
3.17,0.020481
3.18,0.020797
3.19,0.021115
3.2,0.021668
3.21,0.021992
3.22,0.022083
3.23,0.02241
3.24,0.02274
3.25,0.023072
3.26,0.023407
3.27,0.023743
3.28,0.024082
3.29,0.024674
3.3,0.02502
3.31,0.025368
3.32,0.025462
3.33,0.025812
3.34,0.026166
3.35,0.026521
3.36,0.026879
3.37,0.027505
3.38,0.027601
3.39,0.028236
3.4,0.028605
3.41,0.028703
3.42,0.029075
3.43,0.029449
3.44,0.029825
3.45,0.030204
3.46,0.030585
3.47,0.031255
3.48,0.031354
3.49,0.031743
3.5,0.032133
3.51,0.032526
3.52,0.032921
3.53,0.033616
3.54,0.034019
3.55,0.034423
3.56,0.034526
3.57,0.034933
3.58,0.035342
3.59,0.035753
3.6,0.036167
3.61,0.036584
3.62,0.037319
3.63,0.037742
3.64,0.037848
3.65,0.038273
3.66,0.038702
3.67,0.039133
3.68,0.039565
3.69,0.040001
3.7,0.04077
3.71,0.041213
3.72,0.041322
3.73,0.041766
3.74,0.042214
3.75,0.042664
3.76,0.043116
3.77,0.043571
3.78,0.044375
3.79,0.044487
3.8,0.045301
3.81,0.045766
3.82,0.04588
3.83,0.046349
3.84,0.04682
3.85,0.047294
3.86,0.04777
3.87,0.048616
3.88,0.049099
3.89,0.049585
3.9,0.049701
3.91,0.050189
3.92,0.050681
3.93,0.051174
3.94,0.05167
3.95,0.052168
3.96,0.053054
3.97,0.053173
3.98,0.053679
3.99,0.054187
4,0.054698
4.01,0.055211
4.02,0.055727
4.03,0.056644
4.04,0.057167
4.05,0.05729
4.06,0.057815
4.07,0.058343
4.08,0.058874
4.09,0.059408
4.1,0.059943
4.11,0.060482
4.12,0.06144
4.13,0.061566
4.14,0.062112
4.15,0.06266
4.16,0.063211
4.17,0.063765
4.18,0.064321
4.19,0.06488
4.2,0.065875
4.21,0.066004
4.22,0.067009
4.23,0.067579
4.24,0.067711
4.25,0.068285
4.26,0.068861
4.27,0.06944
4.28,0.070473
4.29,0.071059
4.3,0.071648
4.31,0.071782
4.32,0.072374
4.33,0.072968
4.34,0.073565
4.35,0.074165
4.36,0.074766
4.37,0.075842
4.38,0.076452
4.39,0.076589
4.4,0.077202
4.41,0.077817
4.42,0.078434
4.43,0.079054
4.44,0.079678
4.45,0.080791
4.46,0.081421
4.47,0.081563
4.48,0.082196
4.49,0.082831
4.5,0.083471
4.51,0.084112
4.52,0.084756
4.53,0.085907
4.54,0.086558
4.55,0.086703
4.56,0.087357
4.57,0.088014
4.58,0.088673
4.59,0.089336
4.6,0.09
4.61,0.090668
4.62,0.091338
4.63,0.09201
4.64,0.093214
4.65,0.093893
4.66,0.094044
4.67,0.094727
4.68,0.095412
4.69,0.0961
4.7,0.097333
4.71,0.098029
4.72,0.098728
4.73,0.09888
4.74,0.099582
4.75,0.100286
4.76,0.100993
4.77,0.101701
4.78,0.102414
4.79,0.10369
4.8,0.104409
4.81,0.104565
4.82,0.105288
4.83,0.106012
4.84,0.106739
4.85,0.107469
4.86,0.108203
4.87,0.109517
4.88,0.110257
4.89,0.110417
4.9,0.11116
4.91,0.111906
4.92,0.112654
4.93,0.113405
4.94,0.114159
4.95,0.115511
4.96,0.115673
4.97,0.116435
4.98,0.117198
4.99,0.117965
5,0.118734
5.01,0.119505
5.02,0.120279
5.03,0.121056
5.04,0.121835
5.05,0.123236
5.06,0.124021
5.07,0.124811
5.08,0.124978
5.09,0.12577
5.1,0.126564
5.11,0.127361
5.12,0.128795
5.13,0.129598
5.14,0.129767
5.15,0.130574
5.16,0.131384
5.17,0.132196
5.18,0.13301
5.19,0.133827
5.2,0.134647
5.21,0.136122
5.22,0.136949
5.23,0.137778
5.24,0.13795
5.25,0.138781
5.26,0.139616
5.27,0.140453
5.28,0.14196
5.29,0.142134
5.3,0.142978
5.31,0.143824
5.32,0.144673
5.33,0.145524
5.34,0.146378
5.35,0.147233
5.36,0.148093
5.37,0.149641
5.38,0.150506
5.39,0.150682
5.4,0.15155
5.41,0.15242
5.42,0.153293
5.43,0.154168
5.44,0.155045
5.45,0.155925
5.46,0.156807
5.47,0.158399
5.48,0.159287
5.49,0.160179
5.5,0.160357
5.51,0.16125
5.52,0.162145
5.53,0.163764
5.54,0.164666
5.55,0.164846
5.56,0.16575
5.57,0.166657
5.58,0.167566
5.59,0.168476
5.6,0.16939
5.61,0.170305
5.62,0.171962
5.63,0.172884
5.64,0.173808
5.65,0.174734
5.66,0.174915
5.67,0.175842
5.68,0.176772
5.69,0.177706
5.7,0.179394
5.71,0.179577
5.72,0.180515
5.73,0.181456
5.74,0.182398
5.75,0.183343
5.76,0.18429
5.77,0.185239
5.78,0.18696
5.79,0.187915
5.8,0.188871
5.81,0.189053
5.82,0.190012
5.83,0.190972
5.84,0.191935
5.85,0.192899
5.86,0.193865
5.87,0.194834
5.88,0.195803
5.89,0.197566
5.9,0.198542
5.91,0.198724
5.92,0.199702
5.93,0.200681
5.94,0.201661
5.95,0.203447
5.96,0.204433
5.97,0.204615
5.98,0.205603
5.99,0.206593
6,0.207584
6.01,0.209391
6.02,0.209572
6.03,0.210569
6.04,0.211567
6.05,0.213388
6.06,0.213568
6.07,0.214572
6.08,0.216402
6.09,0.216582
6.1,0.218419
6.11,0.2186
6.12,0.219611
6.13,0.220624
6.14,0.221638
6.15,0.222653
6.16,0.22367
6.17,0.22553
6.18,0.225709
6.19,0.227575
6.2,0.227753
6.21,0.229625
6.22,0.229804
6.23,0.230831
6.24,0.232712
6.25,0.23289
6.26,0.234776
6.27,0.234953
6.28,0.235988
6.29,0.237023
6.3,0.238921
6.31,0.239097
6.32,0.241001
6.33,0.242043
6.34,0.242219
6.35,0.24413
6.36,0.244306
6.37,0.246223
6.38,0.246397
6.39,0.247445
6.4,0.248494
6.41,0.249544
6.42,0.251474
6.43,0.251647
6.44,0.252701
6.45,0.253755
6.46,0.255694
6.47,0.255867
6.48,0.257811
6.49,0.258871
6.5,0.259042
6.51,0.260994
6.52,0.261164
6.53,0.26312
6.54,0.26329
6.55,0.264354
6.56,0.265419
6.57,0.266485
6.58,0.268452
6.59,0.26862
6.6,0.270591
6.61,0.270758
6.62,0.272733
6.63,0.272899
6.64,0.273971
6.65,0.275044
6.66,0.276117
6.67,0.278102
6.68,0.278266
6.69,0.279342
6.7,0.280418
6.71,0.281495
6.72,0.282573
6.73,0.284568
6.74,0.285649
6.75,0.285809
6.76,0.28781
6.77,0.28797
6.78,0.289974
6.79,0.290133
6.8,0.291216
6.81,0.292298
6.82,0.293382
6.83,0.295394
6.84,0.29555
6.85,0.296635
6.86,0.29772
6.87,0.299738
6.88,0.299892
6.89,0.301913
6.9,0.302065
6.91,0.303153
6.92,0.305178
6.93,0.305328
6.94,0.307356
6.95,0.307506
6.96,0.308595
6.97,0.309684
6.98,0.310774
6.99,0.312807
7,0.312954
7.01,0.314989
7.02,0.315135
7.03,0.317172
7.04,0.317316
7.05,0.319355
7.06,0.319499
7.07,0.320591
7.08,0.322632
7.09,0.322774
7.1,0.324817
7.11,0.324957
7.12,0.326049
7.13,0.327141
7.14,0.329188
7.15,0.33028
7.16,0.330418
7.17,0.332466
7.18,0.332602
7.19,0.334651
7.2,0.334786
7.21,0.336837
7.22,0.33697
7.23,0.338062
7.24,0.340114
7.25,0.340245
7.26,0.342298
7.27,0.342428
7.28,0.344482
7.29,0.34461
7.3,0.346665
7.31,0.346792
7.32,0.347883
7.33,0.349938
7.34,0.350063
7.35,0.352119
7.36,0.352243
7.37,0.353332
7.38,0.354421
7.39,0.35551
7.4,0.357567
7.41,0.357686
7.42,0.359744
7.43,0.359862
7.44,0.361919
7.45,0.362036
7.46,0.364093
7.47,0.364209
7.48,0.365294
7.49,0.367351
7.5,0.367464
7.51,0.369521
7.52,0.369633
7.53,0.370716
7.54,0.371799
7.55,0.373855
7.56,0.373963
7.57,0.376019
7.58,0.3771
7.59,0.377207
7.6,0.379261
7.61,0.379366
7.62,0.38142
7.63,0.381523
7.64,0.382601
7.65,0.384653
7.66,0.384754
7.67,0.386806
7.68,0.386905
7.69,0.388956
7.7,0.389054
7.71,0.391103
7.72,0.3912
7.73,0.393248
7.74,0.394319
7.75,0.394413
7.76,0.39646
7.77,0.396552
7.78,0.398597
7.79,0.398688
7.8,0.399755
7.81,0.40082
7.82,0.401886
7.83,0.403928
7.84,0.404014
7.85,0.406054
7.86,0.406139
7.87,0.408178
7.88,0.40826
7.89,0.409321
7.9,0.411356
7.91,0.411437
7.92,0.413471
7.93,0.41355
7.94,0.414605
7.95,0.41566
7.96,0.416713
7.97,0.417766
7.98,0.419793
7.99,0.420844
8,0.420918
8.01,0.422942
8.02,0.423014
8.03,0.425036
8.04,0.425106
8.05,0.426152
8.06,0.427195
8.07,0.428238
8.08,0.430255
8.09,0.430321
8.1,0.431361
8.11,0.432399
8.12,0.434411
8.13,0.434474
8.14,0.436483
8.15,0.437517
8.16,0.437578
8.17,0.439582
8.18,0.439641
8.19,0.441643
8.2,0.441701
8.21,0.442729
8.22,0.443755
8.23,0.444781
8.24,0.446776
8.25,0.446829
8.26,0.448821
8.27,0.448873
8.28,0.450862
8.29,0.450911
8.3,0.451929
8.31,0.452946
8.32,0.453961
8.33,0.455942
8.34,0.455988
8.35,0.457966
8.36,0.45801
8.37,0.45902
8.38,0.460028
8.39,0.461999
8.4,0.463004
8.41,0.463044
8.42,0.465011
8.43,0.465049
8.44,0.467012
8.45,0.467049
8.46,0.468047
8.47,0.469043
8.48,0.470039
8.49,0.471994
8.5,0.472026
8.51,0.473977
8.52,0.474008
8.53,0.475955
8.54,0.475984
8.55,0.477928
8.56,0.477956
8.57,0.47894
8.58,0.480878
8.59,0.480903
8.6,0.482837
8.61,0.482861
8.62,0.483838
8.63,0.484814
8.64,0.485788
8.65,0.487712
8.66,0.487732
8.67,0.489652
8.68,0.489671
8.69,0.491587
8.7,0.491604
8.71,0.493516
8.72,0.493532
8.73,0.494493
8.74,0.4964
8.75,0.496413
8.76,0.498315
8.77,0.498326
8.78,0.499281
8.79,0.500234
8.8,0.502128
8.81,0.502136
8.82,0.504026
8.83,0.504973
8.84,0.504978
8.85,0.506862
8.86,0.506866
8.87,0.508745
8.88,0.508748
8.89,0.509687
8.9,0.51156
8.91,0.51156
8.92,0.513428
8.93,0.513427
8.94,0.515291
8.95,0.515288
8.96,0.517148
8.97,0.517144
8.98,0.518998
8.99,0.519922
9,0.519916
9.01,0.521764
9.02,0.521756
9.03,0.5236
9.04,0.523591
9.05,0.524506
9.06,0.52542
9.07,0.526331
9.08,0.528163
9.09,0.528151
9.1,0.529978
9.11,0.529964
9.12,0.531787
9.13,0.531771
9.14,0.532673
9.15,0.534488
9.16,0.534471
9.17,0.536282
9.18,0.536263
9.19,0.537156
9.2,0.538048
9.21,0.538939
9.22,0.539828
9.23,0.541625
9.24,0.54251
9.25,0.542486
9.26,0.544275
9.27,0.54425
9.28,0.546035
9.29,0.546008
9.3,0.546885
9.31,0.54776
9.32,0.548633
9.33,0.550406
9.34,0.550376
9.35,0.551245
9.36,0.552112
9.37,0.553875
9.38,0.553842
9.39,0.555599
9.4,0.55646
9.41,0.556425
9.42,0.558176
9.43,0.55814
9.44,0.559885
9.45,0.559848
9.46,0.560699
9.47,0.56155
9.48,0.562398
9.49,0.564131
9.5,0.56409
9.51,0.565818
9.52,0.565777
9.53,0.567499
9.54,0.567456
9.55,0.568294
9.56,0.56913
9.57,0.569964
9.58,0.571675
9.59,0.571628
9.6,0.573334
9.61,0.573286
9.62,0.574113
9.63,0.574937
9.64,0.576631
9.65,0.577451
9.66,0.5774
9.67,0.579086
9.68,0.579033
9.69,0.580714
9.7,0.58066
9.71,0.581472
9.72,0.582281
9.73,0.58309
9.74,0.584758
9.75,0.584701
9.76,0.585504
9.77,0.586306
9.78,0.587963
9.79,0.587904
9.8,0.589556
9.81,0.589496
9.82,0.59029
9.83,0.591935
9.84,0.591872
9.85,0.593512
9.86,0.593448
9.87,0.594234
9.88,0.595018
9.89,0.5958
9.9,0.597427
9.91,0.59736
9.92,0.598981
9.93,0.598914
9.94,0.600529
9.95,0.600461
9.96,0.602071
9.97,0.602002
9.98,0.60277
9.99,0.604372
10,0.6043
10.01,0.605064
10.02,0.605825
10.03,0.607417
10.04,0.607344
10.05,0.6081
10.06,0.608855
10.07,0.610436
10.08,0.611187
10.09,0.611111
10.1,0.612684
10.11,0.612607
10.12,0.613352
10.13,0.614096
10.14,0.615659
10.15,0.616398
10.16,0.616318
10.17,0.617873
10.18,0.617792
10.19,0.618526
10.2,0.619258
10.21,0.61999
10.22,0.620719
10.23,0.622258
10.24,0.622983
10.25,0.623706
10.26,0.624428
10.27,0.624342
10.28,0.625063
10.29,0.625781
10.3,0.626497
10.31,0.627213
10.32,0.627926
10.33,0.629437
10.34,0.629348
10.35,0.630057
10.36,0.630764
10.37,0.632264
10.38,0.632174
10.39,0.632876
10.4,0.634368
10.41,0.635066
10.42,0.634973
10.43,0.635669
10.44,0.637151
10.45,0.637056
10.46,0.637747
10.47,0.638437
10.48,0.639125
10.49,0.640593
10.5,0.640496
10.51,0.641959
10.52,0.641861
10.53,0.643319
10.54,0.64322
10.55,0.644671
10.56,0.644572
10.57,0.645245
10.58,0.645918
10.59,0.646588
10.6,0.648027
10.61,0.647924
10.62,0.64859
10.63,0.649254
10.64,0.650682
10.65,0.651342
10.66,0.651237
10.67,0.652656
10.68,0.652551
10.69,0.653206
10.7,0.653859
10.71,0.655268
10.72,0.65516
10.73,0.655809
10.74,0.657209
10.75,0.657101
10.76,0.657744
10.77,0.658386
10.78,0.659027
10.79,0.659666
10.8,0.660303
10.81,0.660939
10.82,0.662317
10.83,0.662949
10.84,0.662836
10.85,0.663466
10.86,0.664094
10.87,0.66472
10.88,0.665344
10.89,0.665967
10.9,0.667324
10.91,0.667943
10.92,0.66856
10.93,0.668444
10.94,0.66979
10.95,0.669673
10.96,0.670285
10.97,0.670895
10.98,0.67223
10.99,0.672112
11,0.672717
11.01,0.674044
11.02,0.673924
11.03,0.674525
11.04,0.675125
11.05,0.67644
11.06,0.676319
11.07,0.676914
11.08,0.678221
11.09,0.678098
11.1,0.679401
11.11,0.679277
11.12,0.680574
11.13,0.680449
11.14,0.681033
11.15,0.682321
11.16,0.682196
11.17,0.682775
11.18,0.683352
11.19,0.683928
11.2,0.684503
11.21,0.685775
11.22,0.685646
11.23,0.686216
11.24,0.68748
11.25,0.68735
11.26,0.687915
11.27,0.688479
11.28,0.689732
11.29,0.689601
11.3,0.690159
11.31,0.690716
11.32,0.691958
11.33,0.692511
11.34,0.692378
11.35,0.692929
11.36,0.693478
11.37,0.694026
11.38,0.694572
11.39,0.695795
11.4,0.696337
11.41,0.696201
11.42,0.697415
11.43,0.697279
11.44,0.697815
11.45,0.69835
11.46,0.698884
11.47,0.699416
11.48,0.700614
11.49,0.701142
11.5,0.701002
11.51,0.702192
11.52,0.702052
11.53,0.702575
11.54,0.703096
11.55,0.703615
11.56,0.704133
11.57,0.704649
11.58,0.70582
11.59,0.705677
11.6,0.706189
11.61,0.706698
11.62,0.707858
11.63,0.707714
11.64,0.708219
11.65,0.70937
11.66,0.709225
11.67,0.709725
11.68,0.710224
11.69,0.711365
11.7,0.711219
11.71,0.711714
11.72,0.712208
11.73,0.712701
11.74,0.713829
11.75,0.714318
11.76,0.714805
11.77,0.714659
11.78,0.715777
11.79,0.71563
11.8,0.716114
11.81,0.716597
11.82,0.717078
11.83,0.717558
11.84,0.718037
11.85,0.719138
11.86,0.718991
11.87,0.719466
11.88,0.71994
11.89,0.720412
11.9,0.721501
11.91,0.72197
11.92,0.722437
11.93,0.72229
11.94,0.723369
11.95,0.723222
11.96,0.723685
11.97,0.724148
11.98,0.724609
11.99,0.725676
12,0.725528
12.01,0.725986
12.02,0.726443
12.03,0.7275
12.04,0.727352
12.05,0.727805
12.06,0.728256
12.07,0.728707
12.08,0.729752
12.09,0.730199
12.1,0.73005
12.11,0.730496
12.12,0.731531
12.13,0.731383
12.14,0.732414
12.15,0.732266
12.16,0.732705
12.17,0.733729
12.18,0.733581
12.19,0.734016
12.2,0.734451
12.21,0.734884
12.22,0.735316
12.23,0.735748
12.24,0.736754
12.25,0.737182
12.26,0.737608
12.27,0.737459
12.28,0.737885
12.29,0.738308
12.3,0.739301
12.31,0.739152
12.32,0.739572
12.33,0.739992
12.34,0.740409
12.35,0.74139
12.36,0.741241
12.37,0.741656
12.38,0.742069
12.39,0.742481
12.4,0.74345
12.41,0.743301
12.42,0.74371
12.43,0.744117
12.44,0.745076
12.45,0.744928
12.46,0.745332
12.47,0.745734
12.48,0.746684
12.49,0.747083
12.5,0.746934
12.51,0.747332
12.52,0.747729
12.53,0.748667
12.54,0.748519
12.55,0.749452
12.56,0.749304
12.57,0.749695
12.58,0.750085
12.59,0.750473
12.6,0.751395
12.61,0.751247
12.62,0.751632
12.63,0.752016
12.64,0.752399
12.65,0.753308
12.66,0.75316
12.67,0.754066
12.68,0.753918
12.69,0.754295
12.7,0.754671
12.71,0.755046
12.72,0.755419
12.73,0.755791
12.74,0.75668
12.75,0.757049
12.76,0.757417
12.77,0.75727
12.78,0.758149
12.79,0.758002
12.8,0.758366
12.81,0.75873
12.82,0.759092
12.83,0.759959
12.84,0.759812
12.85,0.760676
12.86,0.760529
12.87,0.760885
12.88,0.761241
12.89,0.761595
12.9,0.761948
12.91,0.7623
12.92,0.763147
12.93,0.763
12.94,0.763843
12.95,0.763697
12.96,0.764043
12.97,0.764388
12.98,0.764732
12.99,0.765075
13,0.765417
13.01,0.766243
13.02,0.766097
13.03,0.766919
13.04,0.766773
13.05,0.76711
13.06,0.767445
13.07,0.768257
13.08,0.768588
13.09,0.768919
13.1,0.769249
13.11,0.769104
13.12,0.769432
13.13,0.76976
13.14,0.770086
13.15,0.77088
13.16,0.770735
13.17,0.771524
13.18,0.77138
13.19,0.772164
13.2,0.77202
13.21,0.7728
13.22,0.772657
13.23,0.773432
13.24,0.773745
13.25,0.773602
13.26,0.773915
13.27,0.774227
13.28,0.774538
13.29,0.774848
13.3,0.775157
13.31,0.775464
13.32,0.775771
13.33,0.776523
13.34,0.77638
13.35,0.777128
13.36,0.776986
13.37,0.777729
13.38,0.777587
13.39,0.778326
13.4,0.778622
13.41,0.778481
13.42,0.778776
13.43,0.77907
13.44,0.779364
13.45,0.779656
13.46,0.779948
13.47,0.780238
13.48,0.780527
13.49,0.780815
13.5,0.781102
13.51,0.781388
13.52,0.781673
13.53,0.781957
13.54,0.78224
13.55,0.782522
13.56,0.782802
13.57,0.783081
13.58,0.783776
13.59,0.783637
13.6,0.784328
13.61,0.784189
13.62,0.784875
13.63,0.784736
13.64,0.785008
13.65,0.785687
13.66,0.785549
13.67,0.786224
13.68,0.786086
13.69,0.786756
13.7,0.786618
13.71,0.787284
13.72,0.787146
13.73,0.787409
13.74,0.788067
13.75,0.78793
13.76,0.788585
13.77,0.788448
13.78,0.789098
13.79,0.788961
13.8,0.789216
13.81,0.78947
13.82,0.789723
13.83,0.790362
13.84,0.790226
13.85,0.79086
13.86,0.790725
13.87,0.791354
13.88,0.791219
13.89,0.791465
13.9,0.792088
13.91,0.791953
13.92,0.792571
13.93,0.792437
13.94,0.793051
13.95,0.792917
13.96,0.793526
13.97,0.793392
13.98,0.793629
13.99,0.793864
14,0.794098
14.01,0.794332
14.02,0.794564
14.03,0.794795
14.04,0.795025
14.05,0.795254
14.06,0.795482
14.07,0.795709
14.08,0.795934
14.09,0.796159
14.1,0.796383
14.11,0.796606
14.12,0.796828
14.13,0.797049
14.14,0.797617
14.15,0.797835
14.16,0.797705
14.17,0.798267
14.18,0.798137
14.19,0.798694
14.2,0.798565
14.21,0.799118
14.22,0.798989
14.23,0.7992
14.24,0.799746
14.25,0.799617
14.26,0.799825
14.27,0.800031
14.28,0.800236
14.29,0.800441
14.3,0.800644
14.31,0.801175
14.32,0.801375
14.33,0.801574
14.34,0.801447
14.35,0.801969
14.36,0.801843
14.37,0.80236
14.38,0.802234
14.39,0.802428
14.4,0.802939
14.41,0.802814
14.42,0.80332
14.43,0.803195
14.44,0.803697
14.45,0.803572
14.46,0.804069
14.47,0.803945
14.48,0.804438
14.49,0.804621
14.5,0.804498
14.51,0.804984
14.52,0.804861
14.53,0.805342
14.54,0.80522
14.55,0.805398
14.56,0.805575
14.57,0.805751
14.58,0.805926
14.59,0.8061
14.6,0.806273
14.61,0.806445
14.62,0.806907
14.63,0.806786
14.64,0.806955
14.65,0.80741
14.66,0.80729
14.67,0.807456
14.68,0.807621
14.69,0.807785
14.7,0.807949
14.71,0.80839
14.72,0.808271
14.73,0.808709
14.74,0.808866
14.75,0.808749
14.76,0.808906
14.77,0.809062
14.78,0.809217
14.79,0.809371
14.8,0.809793
14.81,0.809944
14.82,0.810093
14.83,0.810243
14.84,0.810127
14.85,0.810537
14.86,0.810422
14.87,0.810568
14.88,0.810713
14.89,0.810857
14.9,0.811
14.91,0.811143
14.92,0.811538
14.93,0.811424
14.94,0.811564
14.95,0.811702
14.96,0.811839
14.97,0.811975
14.98,0.812111
14.99,0.812491
15,0.812378
15.01,0.812511
15.02,0.812642
15.03,0.812773
15.04,0.812902
15.05,0.813269
15.06,0.813395
15.07,0.81352
15.08,0.813645
15.09,0.813535
15.1,0.813658
15.11,0.813781
15.12,0.814132
15.13,0.814023
15.14,0.81437
15.15,0.814487
15.16,0.814379
15.17,0.814719
15.18,0.814611
15.19,0.814726
15.2,0.81484
15.21,0.815171
15.22,0.815064
15.23,0.815175
15.24,0.815285
15.25,0.815394
15.26,0.815502
15.27,0.815609
15.28,0.815925
15.29,0.81582
15.3,0.815924
15.31,0.816234
15.32,0.816335
15.33,0.816435
15.34,0.816331
15.35,0.81643
15.36,0.816528
15.37,0.816625
15.38,0.816722
15.39,0.817014
15.4,0.817107
15.41,0.817005
15.42,0.81729
15.43,0.817189
15.44,0.817279
15.45,0.817369
15.46,0.817646
15.47,0.817545
15.48,0.817632
15.49,0.817718
15.5,0.817802
15.51,0.818068
15.52,0.817969
15.53,0.81823
15.54,0.818132
15.55,0.818211
15.56,0.818466
15.57,0.818543
15.58,0.818619
15.59,0.818521
15.6,0.818767
15.61,0.818671
15.62,0.818744
15.63,0.818816
15.64,0.818887
15.65,0.819122
15.66,0.819027
15.67,0.819095
15.68,0.819163
15.69,0.819389
15.7,0.819294
15.71,0.819359
15.72,0.819422
15.73,0.819641
15.74,0.819701
15.75,0.819608
15.76,0.819667
15.77,0.819726
15.78,0.819933
15.79,0.819841
15.8,0.819897
15.81,0.820097
15.82,0.820006
15.83,0.820059
15.84,0.820111
15.85,0.820302
15.86,0.820212
15.87,0.820261
15.88,0.820309
15.89,0.820493
15.9,0.820538
15.91,0.820449
15.92,0.820493
15.93,0.820536
15.94,0.820709
15.95,0.820621
15.96,0.820661
15.97,0.820701
15.98,0.820864
15.99,0.820901
16,0.820814
16.01,0.82085
16.02,0.820885
16.03,0.821038
16.04,0.820952
16.05,0.820984
16.06,0.82113
16.07,0.821159
16.08,0.821187
16.09,0.821103
16.1,0.82113
16.11,0.821156
16.12,0.82129
16.13,0.821206
16.14,0.82123
16.15,0.821252
16.16,0.821274
16.17,0.821396
16.18,0.821314
16.19,0.821333
16.2,0.821351
16.21,0.821465
16.22,0.821383
16.23,0.821398
16.24,0.821412
16.25,0.821425
16.26,0.821528
16.27,0.821449
16.28,0.821459
16.29,0.821468
16.3,0.821476
16.31,0.821568
16.32,0.82149
16.33,0.821495
16.34,0.8215
16.35,0.821583
16.36,0.821506
16.37,0.821508
16.38,0.821509
16.39,0.821583
16.4,0.821581
16.41,0.821578
16.42,0.821573
16.43,0.821498
16.44,0.821493
16.45,0.821487
16.46,0.821547
16.47,0.821472
16.48,0.821464
16.49,0.821454
16.5,0.821443
16.51,0.821492
16.52,0.821419
16.53,0.821405
16.54,0.821391
16.55,0.821376
16.56,0.821414
16.57,0.821396
16.58,0.821376
16.59,0.821305
16.6,0.821334
16.61,0.821264
16.62,0.821289
16.63,0.821218
16.64,0.821195
16.65,0.82117
16.66,0.821144
16.67,0.821117
16.68,0.821089
16.69,0.8211
16.7,0.821031
16.71,0.821001
16.72,0.820969
16.73,0.820971
16.74,0.820937
16.75,0.820869
16.76,0.820834
16.77,0.820798
16.78,0.820789
16.79,0.820723
16.8,0.820709
16.81,0.820668
16.82,0.820603
16.83,0.820561
16.84,0.820518
16.85,0.820474
16.86,0.820429
16.87,0.820401
16.88,0.820337
16.89,0.82029
16.9,0.820241
16.91,0.820191
16.92,0.820153
16.93,0.82009
16.94,0.820038
16.95,0.819984
16.96,0.81993
16.97,0.819875
16.98,0.819823
16.99,0.819765
17,0.819704
17.01,0.819645
17.02,0.819586
17.03,0.819523
17.04,0.819463
17.05,0.819396
17.06,0.819331
17.07,0.819272
17.08,0.819199
17.09,0.81914
17.1,0.819073
17.11,0.819004
17.12,0.818922
17.13,0.818865
17.14,0.818794
17.15,0.818721
17.16,0.818648
17.17,0.818574
17.18,0.818499
17.19,0.818402
17.2,0.818347
17.21,0.818269
17.22,0.81819
17.23,0.81811
17.24,0.818003
17.25,0.81792
17.26,0.817836
17.27,0.817782
17.28,0.817697
17.29,0.817612
17.3,0.817492
17.31,0.817403
17.32,0.817314
17.33,0.817224
17.34,0.817171
17.35,0.81704
17.36,0.816988
17.37,0.816895
17.38,0.816801
17.39,0.816706
17.4,0.816564
17.41,0.816514
17.42,0.816368
17.43,0.816318
17.44,0.816218
17.45,0.816117
17.46,0.816016
17.47,0.815913
17.48,0.815755
17.49,0.815649
17.5,0.815601
17.51,0.815494
17.52,0.815387
17.53,0.815279
17.54,0.81517
17.55,0.814996
17.56,0.814884
17.57,0.814771
17.58,0.814657
17.59,0.81461
17.6,0.814426
17.61,0.81438
17.62,0.814263
17.63,0.814146
17.64,0.814027
17.65,0.813908
17.66,0.813787
17.67,0.813588
17.68,0.813544
17.69,0.81334
17.7,0.813296
17.71,0.813171
17.72,0.813045
17.73,0.812918
17.74,0.812704
17.75,0.812661
17.76,0.812443
17.77,0.8124
17.78,0.812268
17.79,0.812135
17.8,0.812002
17.81,0.811773
17.82,0.811636
17.83,0.811498
17.84,0.81136
17.85,0.81122
17.86,0.811179
17.87,0.811039
17.88,0.810898
17.89,0.810756
17.9,0.810508
17.91,0.810362
17.92,0.810216
17.93,0.810069
17.94,0.809921
17.95,0.809882
17.96,0.809733
17.97,0.809584
17.98,0.809433
17.99,0.809166
18,0.809128
18.01,0.808975
18.02,0.80882
18.03,0.808665
18.04,0.808508
18.05,0.808228
18.06,0.808069
18.07,0.808033
18.08,0.807747
18.09,0.807711
18.1,0.807549
18.11,0.807386
18.12,0.807222
18.13,0.807057
18.14,0.806758
18.15,0.80659
18.16,0.806421
18.17,0.806251
18.18,0.806217
18.19,0.806046
18.2,0.805875
18.21,0.805702
18.22,0.805529
18.23,0.805354
18.24,0.805034
18.25,0.804857
18.26,0.804678
18.27,0.804646
18.28,0.804318
18.29,0.804287
18.3,0.804105
18.31,0.803771
18.32,0.80374
18.33,0.803402
18.34,0.803371
18.35,0.803028
18.36,0.80284
18.37,0.802651
18.38,0.802622
18.39,0.802271
18.4,0.802079
18.41,0.802049
18.42,0.801692
18.43,0.801663
18.44,0.801302
18.45,0.801273
18.46,0.800908
18.47,0.800879
18.48,0.800681
18.49,0.800482
18.5,0.800281
18.51,0.80008
18.52,0.799878
18.53,0.799498
18.54,0.799471
18.55,0.799086
18.56,0.798879
18.57,0.798853
18.58,0.798462
18.59,0.798437
18.6,0.798227
18.61,0.798016
18.62,0.797804
18.63,0.797592
18.64,0.797378
18.65,0.796973
18.66,0.796948
18.67,0.796539
18.68,0.796514
18.69,0.796101
18.7,0.796077
18.71,0.795659
18.72,0.795635
18.73,0.795214
18.74,0.794989
18.75,0.794966
18.76,0.794538
18.77,0.794515
18.78,0.794288
18.79,0.794061
18.8,0.793832
18.81,0.793393
18.82,0.793161
18.83,0.792928
18.84,0.792695
18.85,0.79246
18.86,0.792439
18.87,0.791988
18.88,0.791967
18.89,0.79173
18.9,0.791273
18.91,0.791252
18.92,0.790791
18.93,0.790771
18.94,0.790306
18.95,0.790286
18.96,0.790042
18.97,0.789797
18.98,0.789551
18.99,0.789304
19,0.789056
19.01,0.788807
19.02,0.788558
19.03,0.788307
19.04,0.788056
19.05,0.787803
19.06,0.787313
19.07,0.787295
19.08,0.786801
19.09,0.786783
19.1,0.786285
19.11,0.786268
19.12,0.785765
19.13,0.785748
19.14,0.785487
19.15,0.784979
19.16,0.784962
19.17,0.784698
19.18,0.784433
19.19,0.784167
19.2,0.783901
19.21,0.783633
19.22,0.783364
19.23,0.783095
19.24,0.782824
19.25,0.782553
19.26,0.782022
19.27,0.782006
19.28,0.781472
19.29,0.781457
19.3,0.780918
19.31,0.78064
19.32,0.780361
19.33,0.78008
19.34,0.780066
19.35,0.779517
19.36,0.779503
19.37,0.77922
19.38,0.778936
19.39,0.778652
19.4,0.778093
19.41,0.778079
19.42,0.777792
19.43,0.777503
19.44,0.777214
19.45,0.776923
19.46,0.776632
19.47,0.77634
19.48,0.776047
19.49,0.775469
19.5,0.775173
19.51,0.774876
19.52,0.774864
19.53,0.774279
19.54,0.774267
19.55,0.773678
19.56,0.773376
19.57,0.773073
19.58,0.772769
19.59,0.772465
19.6,0.772159
19.61,0.772148
19.62,0.771545
19.63,0.771534
19.64,0.771226
19.65,0.770617
19.66,0.770606
19.67,0.769993
19.68,0.769983
19.69,0.76967
19.7,0.769356
19.71,0.769042
19.72,0.768726
19.73,0.768409
19.74,0.767782
19.75,0.767773
19.76,0.767142
19.77,0.767133
19.78,0.766811
19.79,0.766489
19.8,0.76585
19.81,0.765524
19.82,0.765198
19.83,0.764871
19.84,0.764543
19.85,0.764214
19.86,0.763884
19.87,0.763553
19.88,0.763545
19.89,0.762889
19.9,0.762555
19.91,0.76222
19.92,0.761885
19.93,0.761548
19.94,0.761211
19.95,0.761204
19.96,0.760534
19.97,0.760526
19.98,0.759852
19.99,0.75951
20,0.759503
20.01,0.758823
20.02,0.758816
20.03,0.758133
20.04,0.758126
20.05,0.75778
20.06,0.75709
20.07,0.757084
20.08,0.75639
20.09,0.756384
20.1,0.755687
20.11,0.755681
20.12,0.755328
20.13,0.754974
20.14,0.754619
20.15,0.753912
20.16,0.753907
20.17,0.753196
20.18,0.75319
20.19,0.752476
20.2,0.75247
20.21,0.752109
20.22,0.751747
20.23,0.751384
20.24,0.75066
20.25,0.750654
20.26,0.750289
20.27,0.749922
20.28,0.749554
20.29,0.749185
20.3,0.748816
20.31,0.748445
20.32,0.748074
20.33,0.747702
20.34,0.747329
20.35,0.746954
20.36,0.746579
20.37,0.746204
20.38,0.745827
20.39,0.745449
20.4,0.74507
20.41,0.744691
20.42,0.74431
20.43,0.743929
20.44,0.743547
20.45,0.743163
20.46,0.742779
20.47,0.742394
20.48,0.742009
20.49,0.741622
20.5,0.741234
20.51,0.740845
20.52,0.740456
20.53,0.740066
20.54,0.739674
20.55,0.739282
20.56,0.738889
20.57,0.738495
20.58,0.7381
20.59,0.737704
20.6,0.737308
20.61,0.73691
20.62,0.736512
20.63,0.736112
20.64,0.735712
20.65,0.735311
20.66,0.734909
20.67,0.734104
20.68,0.734102
20.69,0.733294
20.7,0.733291
20.71,0.73248
20.72,0.732478
20.73,0.732069
20.74,0.731252
20.75,0.73125
20.76,0.730429
20.77,0.730428
20.78,0.729603
20.79,0.729601
20.8,0.728773
20.81,0.728357
20.82,0.728355
20.83,0.727522
20.84,0.72752
20.85,0.726683
20.86,0.726682
20.87,0.725841
20.88,0.72584
20.89,0.725418
20.9,0.724572
20.91,0.72457
20.92,0.723721
20.93,0.72372
20.94,0.722866
20.95,0.722865
20.96,0.722009
20.97,0.721579
20.98,0.721578
20.99,0.720716
21,0.720715
21.01,0.719849
21.02,0.719848
21.03,0.718979
21.04,0.718979
21.05,0.718106
21.06,0.717668
21.07,0.717668
21.08,0.71679
21.09,0.716789
21.1,0.715908
21.11,0.715907
21.12,0.715023
21.13,0.715022
21.14,0.714578
21.15,0.713689
21.16,0.713688
21.17,0.712795
21.18,0.712795
21.19,0.711898
21.2,0.711898
21.21,0.710998
21.22,0.710546
21.23,0.710546
21.24,0.709641
21.25,0.70964
21.26,0.708732
21.27,0.708731
21.28,0.70782
21.29,0.707819
21.3,0.706904
21.31,0.706445
21.32,0.706445
21.33,0.705525
21.34,0.705524
21.35,0.704601
21.36,0.704601
21.37,0.703674
21.38,0.703674
21.39,0.703209
21.4,0.702277
21.41,0.702277
21.42,0.701342
21.43,0.701342
21.44,0.700403
21.45,0.700403
21.46,0.699461
21.47,0.698989
21.48,0.698989
21.49,0.698042
21.5,0.698042
21.51,0.697092
21.52,0.697092
21.53,0.696139
21.54,0.696139
21.55,0.695183
21.56,0.694703
21.57,0.694703
21.58,0.693742
21.59,0.693742
21.6,0.692778
21.61,0.692778
21.62,0.69181
21.63,0.69181
21.64,0.691325
21.65,0.690353
21.66,0.690353
21.67,0.689378
21.68,0.68944
21.69,0.688461
21.7,0.688461
21.71,0.687479
21.72,0.686987
21.73,0.686987
21.74,0.686001
21.75,0.686001
21.76,0.685011
21.77,0.685011
21.78,0.684018
21.79,0.684018
21.8,0.683022
21.81,0.682523
21.82,0.682523
21.83,0.681522
21.84,0.681522
21.85,0.680519
21.86,0.680519
21.87,0.679512
21.88,0.679512
21.89,0.679008
21.9,0.677997
21.91,0.677997
21.92,0.676983
21.93,0.676983
21.94,0.675966
21.95,0.675966
21.96,0.674946
21.97,0.674435
21.98,0.674435
21.99,0.67341
22,0.67341
22.01,0.672897
22.02,0.671868
22.03,0.671353
22.04,0.671353
22.05,0.670837
22.06,0.669802
22.07,0.669802
22.08,0.669284
22.09,0.668245
22.1,0.667724
22.11,0.667724
22.12,0.667203
22.13,0.666159
22.14,0.666159
22.15,0.665635
22.16,0.664587
22.17,0.664061
22.18,0.664061
22.19,0.663535
22.2,0.662481
22.21,0.662481
22.22,0.661953
22.23,0.660894
22.24,0.660364
22.25,0.660364
22.26,0.659833
22.27,0.658769
22.28,0.658236
22.29,0.658236
22.3,0.657702
22.31,0.656633
22.32,0.656633
22.33,0.656097
22.34,0.655024
22.35,0.654486
22.36,0.654486
22.37,0.653948
22.38,0.652869
22.39,0.652869
22.4,0.652329
22.41,0.651247
22.42,0.650704
22.43,0.650704
22.44,0.650161
22.45,0.649074
22.46,0.649074
22.47,0.648529
22.48,0.647437
22.49,0.64689
22.5,0.64689
22.51,0.646343
22.52,0.645246
22.53,0.644697
22.54,0.644697
22.55,0.644147
22.56,0.643045
22.57,0.643045
22.58,0.642493
22.59,0.641388
22.6,0.640834
22.61,0.640834
22.62,0.64028
22.63,0.63917
22.64,0.63917
22.65,0.638614
22.66,0.6375
22.67,0.636942
22.68,0.636942
22.69,0.636383
22.7,0.635264
22.71,0.635264
22.72,0.634704
22.73,0.633582
22.74,0.63302
22.75,0.63302
22.76,0.632457
22.77,0.63133
22.78,0.630765
22.79,0.630765
22.8,0.630201
22.81,0.629069
22.82,0.629069
22.83,0.628502
22.84,0.627367
22.85,0.626799
22.86,0.626799
22.87,0.62623
22.88,0.62509
22.89,0.62509
22.9,0.624519
22.91,0.623376
22.92,0.622804
22.93,0.622804
22.94,0.622231
22.95,0.621084
22.96,0.621084
22.97,0.620509
22.98,0.619359
22.99,0.618783
23,0.618783
23.01,0.618206
23.02,0.617051
23.03,0.616473
23.04,0.616473
23.05,0.615894
23.06,0.614735
23.07,0.614735
23.08,0.614155
23.09,0.612992
23.1,0.61241
23.11,0.61241
23.12,0.611828
23.13,0.610662
23.14,0.610662
23.15,0.610078
23.16,0.608908
23.17,0.608323
23.18,0.608323
23.19,0.607737
23.2,0.606564
23.21,0.606564
23.22,0.605976
23.23,0.6048
23.24,0.604211
23.25,0.604211
23.26,0.603622
23.27,0.602442
23.28,0.601851
23.29,0.601851
23.3,0.60126
23.31,0.600076
23.32,0.600076
23.33,0.599483
23.34,0.598296
23.35,0.597702
23.36,0.597702
23.37,0.597108
23.38,0.595917
23.39,0.595917
23.4,0.595321
23.41,0.594128
23.42,0.593531
23.43,0.593531
23.44,0.592933
23.45,0.591736
23.46,0.591736
23.47,0.591137
23.48,0.589938
23.49,0.589338
23.5,0.589338
23.51,0.588737
23.52,0.587534
23.53,0.586932
23.54,0.586932
23.55,0.58633
23.56,0.585124
23.57,0.585124
23.58,0.58452
23.59,0.583311
23.6,0.582706
23.61,0.582706
23.62,0.582101
23.63,0.580889
23.64,0.580889
23.65,0.580283
23.66,0.579068
23.67,0.578461
23.68,0.578461
23.69,0.577853
23.7,0.576635
23.71,0.576635
23.72,0.576026
23.73,0.574806
23.74,0.574196
23.75,0.574196
23.76,0.573585
23.77,0.572362
23.78,0.57175
23.79,0.57175
23.8,0.571138
23.81,0.569912
23.82,0.569912
23.83,0.569299
23.84,0.568071
23.85,0.567457
23.86,0.567457
23.87,0.566842
23.88,0.565611
23.89,0.565611
23.9,0.564996
23.91,0.563763
23.92,0.563146
23.93,0.563146
23.94,0.562529
23.95,0.561293
23.96,0.561293
23.97,0.560675
23.98,0.559438
23.99,0.558819
24,0.558819
24.01,0.558199
24.02,0.556959
24.03,0.556339
24.04,0.556339
24.05,0.555718
24.06,0.554476
24.07,0.554476
24.08,0.553854
24.09,0.55261
24.1,0.551987
24.11,0.551987
24.12,0.551364
24.13,0.550118
24.14,0.550118
24.15,0.549494
24.16,0.548246
24.17,0.547621
24.18,0.547621
24.19,0.546996
24.2,0.545745
24.21,0.545745
24.22,0.54512
24.23,0.543867
24.24,0.543241
24.25,0.543241
24.26,0.542614
24.27,0.54136
24.28,0.540732
24.29,0.540732
24.3,0.539476
24.31,0.538848
24.32,0.538848
24.33,0.538219
24.34,0.536961
24.35,0.536332
24.36,0.536332
24.37,0.535702
24.38,0.534442
24.39,0.534442
24.4,0.533812
24.41,0.532551
24.42,0.53192
24.43,0.53192
24.44,0.531289
24.45,0.530025
24.46,0.530025
24.47,0.529394
24.48,0.528129
24.49,0.527497
24.5,0.527497
24.51,0.526864
24.52,0.525598
24.53,0.524964
24.54,0.524964
24.55,0.523697
24.56,0.523063
24.57,0.523063
24.58,0.522429
24.59,0.52116
24.6,0.520525
24.61,0.520525
24.62,0.51989
24.63,0.51862
24.64,0.51862
24.65,0.517984
24.66,0.516713
24.67,0.516077
24.68,0.516077
24.69,0.515441
24.7,0.514168
24.71,0.514168
24.72,0.513531
24.73,0.512257
24.74,0.51162
24.75,0.51162
24.76,0.510983
24.77,0.509708
24.78,0.50907
24.79,0.50907
24.8,0.507794
24.81,0.507156
24.82,0.507156
24.83,0.506517
24.84,0.50524
24.85,0.504602
24.86,0.504602
24.87,0.503963
24.88,0.502684
24.89,0.502684
24.9,0.502045
24.91,0.500766
24.92,0.500127
24.93,0.500127
24.94,0.499487
24.95,0.498207
24.96,0.498207
24.97,0.497567
24.98,0.496286
24.99,0.495646
25,0.495646
25.01,0.495005
25.02,0.493724
25.03,0.493083
25.04,0.493083
25.05,0.491801
25.06,0.49116
25.07,0.49116
25.08,0.490519
25.09,0.489237
25.1,0.488595
25.11,0.488595
25.12,0.487954
25.13,0.486671
25.14,0.486671
25.15,0.486029
25.16,0.484745
25.17,0.484103
25.18,0.484103
25.19,0.483461
25.2,0.482177
25.21,0.482177
25.22,0.481535
25.23,0.480251
25.24,0.479608
25.25,0.479608
25.26,0.478966
25.27,0.477681
25.28,0.477039
25.29,0.477039
25.3,0.475754
25.31,0.475111
25.32,0.475111
25.33,0.474469
25.34,0.473183
25.35,0.472541
25.36,0.472541
25.37,0.471898
25.38,0.470612
25.39,0.470612
25.4,0.46997
25.41,0.468684
25.42,0.468041
25.43,0.468041
25.44,0.467398
25.45,0.466113
25.46,0.466113
25.47,0.46547
25.48,0.464184
25.49,0.463541
25.5,0.463541
25.51,0.462898
25.52,0.461613
25.53,0.46097
25.54,0.46097
25.55,0.459684
25.56,0.459042
25.57,0.459042
25.58,0.458399
25.59,0.457114
25.6,0.456471
25.61,0.456471
25.62,0.455828
25.63,0.454543
25.64,0.454543
25.65,0.453901
25.66,0.452616
25.67,0.451973
25.68,0.451973
25.69,0.451331
25.7,0.450047
25.71,0.450047
25.72,0.449404
25.73,0.44812
25.74,0.447478
25.75,0.447478
25.76,0.446836
25.77,0.445552
25.78,0.44491
25.79,0.44491
25.8,0.443627
25.81,0.442985
25.82,0.442985
25.83,0.442344
25.84,0.441061
25.85,0.44042
25.86,0.44042
25.87,0.439779
25.88,0.438497
25.89,0.438497
25.9,0.437856
25.91,0.436574
25.92,0.435933
25.93,0.435933
25.94,0.435293
25.95,0.434012
25.96,0.434012
25.97,0.433372
25.98,0.432091
25.99,0.431451
26,0.431451
26.01,0.430812
26.02,0.429532
26.03,0.429532
26.04,0.428893
26.05,0.427614
26.06,0.426975
26.07,0.426975
26.08,0.426336
26.09,0.425058
26.1,0.42442
26.11,0.42442
26.12,0.423781
26.13,0.422505
26.14,0.422505
26.15,0.421867
26.16,0.420591
26.17,0.419953
26.18,0.419953
26.19,0.419316
26.2,0.418041
26.21,0.418041
26.22,0.417404
26.23,0.41613
26.24,0.415494
26.25,0.415494
26.26,0.414857
26.27,0.413585
26.28,0.413585
26.29,0.412949
26.3,0.411678
26.31,0.411042
26.32,0.411042
26.33,0.410407
26.34,0.409137
26.35,0.408502
26.36,0.408502
26.37,0.407868
26.38,0.406599
26.39,0.406599
26.4,0.405965
26.41,0.404698
26.42,0.404064
26.43,0.404064
26.44,0.403431
26.45,0.402165
26.46,0.402165
26.47,0.401533
26.48,0.400268
26.49,0.399636
26.5,0.399636
26.51,0.399004
26.52,0.397741
26.53,0.397741
26.54,0.39711
26.55,0.395849
26.56,0.395218
26.57,0.395218
26.58,0.394588
26.59,0.393328
26.6,0.392698
26.61,0.392698
26.62,0.392069
26.63,0.390811
26.64,0.390811
26.65,0.390182
26.66,0.388926
26.67,0.388298
26.68,0.388298
26.69,0.38767
26.7,0.386415
26.71,0.386415
26.72,0.385788
26.73,0.384535
26.74,0.383909
26.75,0.383909
26.76,0.383283
26.77,0.382032
26.78,0.382032
26.79,0.381407
26.8,0.380157
26.81,0.379533
26.82,0.379533
26.83,0.378908
26.84,0.377661
26.85,0.377038
26.86,0.377038
26.87,0.376415
26.88,0.375169
26.89,0.375169
26.9,0.374547
26.91,0.373304
26.92,0.372682
26.93,0.372682
26.94,0.372061
26.95,0.37082
26.96,0.37082
26.97,0.3702
26.98,0.36896
26.99,0.368341
27,0.368341
27.01,0.367722
27.02,0.366485
27.03,0.366485
27.04,0.365867
27.05,0.364632
27.06,0.364014
27.07,0.364014
27.08,0.363397
27.09,0.362165
27.1,0.361549
27.11,0.361549
27.12,0.360933
27.13,0.359703
27.14,0.359703
27.15,0.359088
27.16,0.35786
27.17,0.357246
27.18,0.357246
27.19,0.356633
27.2,0.355408
27.21,0.355408
27.22,0.354795
27.23,0.353572
27.24,0.35296
27.25,0.35296
27.26,0.352349
27.27,0.351129
27.28,0.351129
27.29,0.350519
27.3,0.3493
27.31,0.348691
27.32,0.348691
27.33,0.348083
27.34,0.346867
27.35,0.346259
27.36,0.346259
27.37,0.345652
27.38,0.344439
27.39,0.344439
27.4,0.343833
27.41,0.342622
27.42,0.342017
27.43,0.342017
27.44,0.341413
27.45,0.340205
27.46,0.340205
27.47,0.339602
27.48,0.338396
27.49,0.337794
27.5,0.337794
27.51,0.337192
27.52,0.335989
27.53,0.335989
27.54,0.335389
27.55,0.334188
27.56,0.333589
27.57,0.333589
27.58,0.33299
27.59,0.331793
27.6,0.331195
27.61,0.331195
27.62,0.330597
27.63,0.329403
27.64,0.329403
27.65,0.328807
27.66,0.327615
27.67,0.32702
27.68,0.32702
27.69,0.326426
27.7,0.325238
27.71,0.325238
27.72,0.324644
27.73,0.323458
27.74,0.322866
27.75,0.322866
27.76,0.322274
27.77,0.321092
27.78,0.321092
27.79,0.320502
27.8,0.319322
27.81,0.318733
27.82,0.318733
27.83,0.318144
27.84,0.316967
27.85,0.31638
27.86,0.31638
27.87,0.315793
27.88,0.31462
27.89,0.31462
27.9,0.314034
27.91,0.312864
27.92,0.31228
27.93,0.31228
27.94,0.311696
27.95,0.310529
27.96,0.310529
27.97,0.309946
27.98,0.308782
27.99,0.308201
28,0.308201
28.01,0.30762
28.02,0.30646
28.03,0.30646
28.04,0.305881
28.05,0.304723
28.06,0.304145
28.07,0.304145
28.08,0.303568
28.09,0.302414
28.1,0.301838
28.11,0.301838
28.12,0.301262
28.13,0.300112
28.14,0.300112
28.15,0.299538
28.16,0.29839
28.17,0.297818
28.18,0.297818
28.19,0.297245
28.2,0.296102
28.21,0.296102
28.22,0.295531
28.23,0.29439
28.24,0.293821
28.25,0.293821
28.26,0.293252
28.27,0.292115
28.28,0.292115
28.29,0.291548
28.3,0.290414
28.31,0.289848
28.32,0.289848
28.33,0.289283
28.34,0.288153
28.35,0.287589
28.36,0.287589
28.37,0.287026
28.38,0.2859
28.39,0.2859
28.4,0.285338
28.41,0.284216
28.42,0.283655
28.43,0.283655
28.44,0.283095
28.45,0.281977
28.46,0.281977
28.47,0.281418
28.48,0.280303
28.49,0.279746
28.5,0.279746
28.51,0.27919
28.52,0.278078
28.53,0.278078
28.54,0.277524
28.55,0.276416
28.56,0.275862
28.57,0.275862
28.58,0.27531
28.59,0.274206
28.6,0.273655
28.61,0.273655
28.62,0.273104
28.63,0.272004
28.64,0.272004
28.65,0.271455
28.66,0.270359
28.67,0.269812
28.68,0.269812
28.69,0.269265
28.7,0.268173
28.71,0.268173
28.72,0.267627
28.73,0.266539
28.74,0.265995
28.75,0.265995
28.76,0.265452
28.77,0.264367
28.78,0.264367
28.79,0.263826
28.8,0.262745
28.81,0.262205
28.82,0.262205
28.83,0.261666
28.84,0.260589
28.85,0.260052
28.86,0.260052
28.87,0.259515
28.88,0.258442
28.89,0.258442
28.9,0.257907
28.91,0.256838
28.92,0.256305
28.93,0.256304
28.94,0.255771
28.95,0.254707
28.96,0.254707
28.97,0.254176
28.98,0.253115
28.99,0.252585
29,0.252585
29.01,0.252056
29.02,0.250999
29.03,0.250999
29.04,0.250472
29.05,0.249419
29.06,0.248893
29.07,0.248893
29.08,0.248368
29.09,0.24732
29.1,0.246797
29.11,0.246797
29.12,0.246274
29.13,0.24523
29.14,0.24523
29.15,0.244709
29.16,0.243669
29.17,0.24315
29.18,0.24315
29.19,0.242631
29.2,0.241595
29.21,0.241595
29.22,0.241078
29.23,0.240046
29.24,0.239531
29.25,0.239531
29.26,0.239017
29.27,0.237989
29.28,0.237989
29.29,0.237477
29.3,0.236453
29.31,0.235942
29.32,0.235942
29.33,0.235431
29.34,0.234413
29.35,0.233904
29.36,0.233904
29.37,0.233396
29.38,0.232382
29.39,0.232382
29.4,0.231876
29.41,0.230865
29.42,0.230361
29.43,0.230361
29.44,0.229857
29.45,0.228851
29.46,0.228851
29.47,0.228349
29.48,0.227347
29.49,0.226847
29.5,0.226847
29.51,0.226348
29.52,0.22535
29.53,0.22535
29.54,0.224853
29.55,0.223859
29.56,0.223364
29.57,0.223363
29.58,0.222868
29.59,0.22188
29.6,0.221386
29.61,0.221386
29.62,0.220894
29.63,0.21991
29.64,0.21991
29.65,0.219419
29.66,0.218439
29.67,0.21795
29.68,0.21795
29.69,0.217462
29.7,0.216487
29.71,0.216487
29.72,0.216
29.73,0.215029
29.74,0.214545
29.75,0.214544
29.76,0.21406
29.77,0.213094
29.78,0.213094
29.79,0.212612
29.8,0.21165
29.81,0.21117
29.82,0.211169
29.83,0.21069
29.84,0.209733
29.85,0.209255
29.86,0.209255
29.87,0.208778
29.88,0.207825
29.89,0.207825
29.9,0.20735
29.91,0.206402
29.92,0.205928
29.93,0.205928
29.94,0.205456
29.95,0.204512
29.96,0.204512
29.97,0.204042
29.98,0.203102
29.99,0.202633
30,0.202633
30.01,0.202165
30.02,0.20123
30.03,0.20123
30.04,0.200764
30.05,0.199834
30.06,0.199369
30.07,0.199369
30.08,0.198906
30.09,0.19798
30.1,0.19798
30.11,0.197518
30.12,0.197057
30.13,0.196137
30.14,0.196137
30.15,0.195678
30.16,0.194761
30.17,0.194761
30.18,0.194304
30.19,0.193847
30.2,0.192936
30.21,0.192936
30.22,0.192481
30.23,0.191574
30.24,0.191574
30.25,0.191121
30.26,0.190669
30.27,0.189767
30.28,0.189767
30.29,0.189317
30.3,0.188419
30.31,0.18797
30.32,0.18797
30.33,0.187523
30.34,0.18663
30.35,0.18663
30.36,0.186184
30.37,0.185739
30.38,0.184852
30.39,0.184852
30.4,0.184409
30.41,0.183525
30.42,0.183525
30.43,0.183084
30.44,0.182643
30.45,0.181765
30.46,0.181765
30.47,0.181326
30.48,0.180452
30.49,0.180452
30.5,0.180015
30.51,0.17958
30.52,0.17871
30.53,0.17871
30.54,0.178276
30.55,0.177411
30.56,0.176979
30.57,0.176979
30.58,0.176548
30.59,0.175688
30.6,0.175688
30.61,0.175258
30.62,0.17483
30.63,0.173975
30.64,0.173975
30.65,0.173549
30.66,0.172697
30.67,0.172697
30.68,0.172273
30.69,0.171849
30.7,0.171003
30.71,0.171003
30.72,0.170581
30.73,0.16974
30.74,0.16974
30.75,0.16932
30.76,0.168901
30.77,0.168064
30.78,0.168064
30.79,0.167647
30.8,0.166814
30.81,0.166399
30.82,0.166399
30.83,0.165985
30.84,0.165157
30.85,0.165157
30.86,0.164745
30.87,0.164333
30.88,0.163511
30.89,0.163511
30.9,0.163101
30.91,0.162283
30.92,0.162283
30.93,0.161875
30.94,0.161468
30.95,0.160655
30.96,0.160655
30.97,0.16025
30.98,0.159441
30.99,0.159441
31,0.159038
31.01,0.158635
31.02,0.157832
31.03,0.157832
31.04,0.157432
31.05,0.156632
31.06,0.156234
31.07,0.156234
31.08,0.155836
31.09,0.155042
31.1,0.155042
31.11,0.154646
31.12,0.15425
31.13,0.153462
31.14,0.153462
31.15,0.153068
31.16,0.152284
31.17,0.152284
31.18,0.151892
31.19,0.151502
31.2,0.150722
31.21,0.150722
31.22,0.150334
31.23,0.149558
31.24,0.149558
31.25,0.149171
31.26,0.148786
31.27,0.148015
31.28,0.148015
31.29,0.147631
31.3,0.146865
31.31,0.146483
31.32,0.146483
31.33,0.146102
31.34,0.145341
31.35,0.145341
31.36,0.144962
31.37,0.144583
31.38,0.143828
31.39,0.143828
31.4,0.143451
31.41,0.142699
31.42,0.142699
31.43,0.142325
31.44,0.141951
31.45,0.141204
31.46,0.141204
31.47,0.140832
31.48,0.14009
31.49,0.14009
31.5,0.13972
31.51,0.139351
31.52,0.138614
31.53,0.138614
31.54,0.138246
31.55,0.137513
31.56,0.137148
31.57,0.137148
31.58,0.136783
31.59,0.136055
31.6,0.136055
31.61,0.135693
31.62,0.13533
31.63,0.134608
31.64,0.134608
31.65,0.134248
31.66,0.133529
31.67,0.133529
31.68,0.133171
31.69,0.132814
31.7,0.132101
31.71,0.132101
31.72,0.131745
31.73,0.131036
31.74,0.131036
31.75,0.130682
31.76,0.130329
31.77,0.129625
31.78,0.129625
31.79,0.129274
31.8,0.128574
31.81,0.128225
31.82,0.128225
31.83,0.127877
31.84,0.127182
31.85,0.127182
31.86,0.126836
31.87,0.12649
31.88,0.125801
31.89,0.125801
31.9,0.125457
31.91,0.124771
31.92,0.124771
31.93,0.124429
31.94,0.124088
31.95,0.123408
31.96,0.123408
31.97,0.123069
31.98,0.122392
31.99,0.122392
32,0.122055
32.01,0.121718
32.02,0.121047
32.03,0.121047
32.04,0.120713
32.05,0.120045
32.06,0.119713
32.07,0.119713
32.08,0.11938
32.09,0.118718
32.1,0.118718
32.11,0.118388
32.12,0.118059
32.13,0.117402
32.14,0.117402
32.15,0.117074
32.16,0.116421
32.17,0.116421
32.18,0.116095
32.19,0.11577
32.2,0.115123
32.21,0.115123
32.22,0.114799
32.23,0.114155
32.24,0.114155
32.25,0.113834
32.26,0.113514
32.27,0.112875
32.28,0.112875
32.29,0.112556
32.3,0.111921
32.31,0.111605
32.32,0.111605
32.33,0.111289
32.34,0.110659
32.35,0.110659
32.36,0.110345
32.37,0.110031
32.38,0.109406
32.39,0.109406
32.4,0.109095
32.41,0.108474
32.42,0.108474
32.43,0.108164
32.44,0.107855
32.45,0.107239
32.46,0.107239
32.47,0.106932
32.48,0.10632
32.49,0.10632
32.5,0.106015
32.51,0.10571
32.52,0.105103
32.53,0.105103
32.54,0.1048
32.55,0.104197
32.56,0.103896
32.57,0.103896
32.58,0.103596
32.59,0.102998
32.6,0.102998
32.61,0.1027
32.62,0.102402
32.63,0.101809
32.64,0.101809
32.65,0.101513
32.66,0.100923
32.67,0.100923
32.68,0.100629
32.69,0.100336
32.7,0.099752
32.71,0.099752
32.72,0.09946
32.73,0.098879
32.74,0.098879
32.75,0.09859
32.76,0.098301
32.77,0.097725
32.78,0.097725
32.79,0.097438
32.8,0.096866
32.81,0.09658
32.82,0.09658
32.83,0.096296
32.84,0.095729
32.85,0.095728
32.86,0.095446
32.87,0.095164
32.88,0.094601
32.89,0.094601
32.9,0.094321
32.91,0.093762
32.92,0.093762
32.93,0.093484
32.94,0.093206
32.95,0.092652
32.96,0.092652
32.97,0.092376
32.98,0.091826
32.99,0.091826
33,0.091552
33.01,0.091278
33.02,0.090733
33.03,0.090733
33.04,0.090461
33.05,0.089919
33.06,0.089649
33.07,0.089649
33.08,0.08938
33.09,0.088843
33.1,0.088843
33.11,0.088575
33.12,0.088308
33.13,0.087776
33.14,0.087776
33.15,0.087511
33.16,0.086983
33.17,0.086982
33.18,0.086719
33.19,0.086456
33.2,0.085933
33.21,0.085933
33.22,0.085672
33.23,0.085151
33.24,0.085151
33.25,0.084892
33.26,0.084634
33.27,0.084118
33.28,0.084118
33.29,0.083861
33.3,0.083349
33.31,0.083094
33.32,0.083094
33.33,0.082839
33.34,0.082332
33.35,0.082332
33.36,0.082079
33.37,0.081827
33.38,0.081325
33.39,0.081325
33.4,0.081074
33.41,0.080575
33.42,0.080575
33.43,0.080326
33.44,0.080078
33.45,0.079584
33.46,0.079584
33.47,0.079337
33.48,0.078846
33.49,0.078846
33.5,0.078602
33.51,0.078358
33.52,0.077871
33.53,0.077871
33.54,0.077629
33.55,0.077146
33.56,0.076905
33.57,0.076905
33.58,0.076665
33.59,0.076187
33.6,0.076187
33.61,0.075948
33.62,0.075711
33.63,0.075237
33.64,0.075237
33.65,0.075001
33.66,0.07453
33.67,0.07453
33.68,0.074296
33.69,0.074062
33.7,0.073596
33.71,0.073596
33.72,0.073363
33.73,0.072901
33.74,0.072901
33.75,0.07267
33.76,0.07244
33.77,0.071982
33.78,0.071982
33.79,0.071754
33.8,0.071299
33.81,0.071073
33.82,0.071073
33.83,0.070846
33.84,0.070396
33.85,0.070396
33.86,0.070171
33.87,0.069948
33.88,0.069502
33.89,0.069502
33.9,0.06928
33.91,0.068837
33.92,0.068837
33.93,0.068616
33.94,0.068396
33.95,0.067958
33.96,0.067958
33.97,0.067739
33.98,0.067304
33.99,0.067304
34,0.067087
34.01,0.066871
34.02,0.06644
34.03,0.06644
34.04,0.066226
34.05,0.065798
34.06,0.065585
34.07,0.065585
34.08,0.065372
34.09,0.064949
34.1,0.064949
34.11,0.064738
34.12,0.064528
34.13,0.064109
34.14,0.064109
34.15,0.0639
34.16,0.063484
34.17,0.063484
34.18,0.063277
34.19,0.06307
34.2,0.062659
34.21,0.062659
34.22,0.062453
34.23,0.062045
34.24,0.062045
34.25,0.061841
34.26,0.061638
34.27,0.061234
34.28,0.061234
34.29,0.061033
34.3,0.060631
34.31,0.060431
34.32,0.060431
34.33,0.060232
34.34,0.059835
34.35,0.059835
34.36,0.059637
34.37,0.05944
34.38,0.059046
34.39,0.059046
34.4,0.058851
34.41,0.058461
34.42,0.05846
34.43,0.058266
34.44,0.058072
34.45,0.057687
34.46,0.057687
34.47,0.057494
34.48,0.057111
34.49,0.057111
34.5,0.05692
34.51,0.05673
34.52,0.056351
34.53,0.056351
34.54,0.056163
34.55,0.055787
34.56,0.055599
34.57,0.055599
34.58,0.055413
34.59,0.055041
34.6,0.055041
34.61,0.054855
34.62,0.054671
34.63,0.054303
34.64,0.054302
34.65,0.054119
34.66,0.053754
34.67,0.053754
34.68,0.053572
34.69,0.053391
34.7,0.05303
34.71,0.05303
34.72,0.05285
34.73,0.052492
34.74,0.052491
34.75,0.052313
34.76,0.052135
34.77,0.051781
34.78,0.05178
34.79,0.051604
34.8,0.051252
34.81,0.051077
34.82,0.051077
34.83,0.050903
34.84,0.050555
34.85,0.050555
34.86,0.050382
34.87,0.050209
34.88,0.049865
34.89,0.049865
34.9,0.049694
34.91,0.049352
34.92,0.049352
34.93,0.049183
34.94,0.049013
34.95,0.048676
34.96,0.048676
34.97,0.048507
34.98,0.048173
34.99,0.048173
35,0.048006
35.01,0.04784
35.02,0.047509
35.03,0.047509
35.04,0.047344
35.05,0.047016
35.06,0.046853
35.07,0.046853
35.08,0.046689
35.09,0.046365
35.1,0.046365
35.11,0.046203
35.12,0.046042
35.13,0.045721
35.14,0.045721
35.15,0.045561
35.16,0.045243
35.17,0.045243
35.18,0.045084
35.19,0.044926
35.2,0.044612
35.21,0.044612
35.22,0.044455
35.23,0.044143
35.24,0.044143
35.25,0.043987
35.26,0.043833
35.27,0.043524
35.28,0.043524
35.29,0.04337
35.3,0.043064
35.31,0.042912
35.32,0.042912
35.33,0.04276
35.34,0.042458
35.35,0.042458
35.36,0.042307
35.37,0.042157
35.38,0.041858
35.39,0.041858
35.4,0.041709
35.41,0.041413
35.42,0.041413
35.43,0.041265
35.44,0.041118
35.45,0.040825
35.46,0.040825
35.47,0.040679
35.48,0.040389
35.49,0.040389
35.5,0.040244
35.51,0.0401
35.52,0.039813
35.53,0.039813
35.54,0.03967
35.55,0.039385
35.56,0.039244
35.57,0.039244
35.58,0.039102
35.59,0.038821
35.6,0.038821
35.61,0.038681
35.62,0.038541
35.63,0.038263
35.64,0.038263
35.65,0.038125
35.66,0.03785
35.67,0.037849
35.68,0.037712
35.69,0.037575
35.7,0.037303
35.71,0.037303
35.72,0.037168
35.73,0.036898
35.74,0.036898
35.75,0.036763
35.76,0.03663
35.77,0.036363
35.78,0.036363
35.79,0.03623
35.8,0.035966
35.81,0.035834
35.82,0.035834
35.83,0.035703
35.84,0.035442
35.85,0.035442
35.86,0.035312
35.87,0.035182
35.88,0.034924
35.89,0.034924
35.9,0.034796
35.91,0.03454
35.92,0.03454
35.93,0.034413
35.94,0.034286
35.95,0.034033
35.96,0.034033
35.97,0.033907
35.98,0.033657
35.99,0.033657
36,0.033532
36.01,0.033408
36.02,0.033161
36.03,0.033161
36.04,0.033039
36.05,0.032794
36.06,0.032672
36.07,0.032672
36.08,0.032551
36.09,0.032309
36.1,0.032309
36.11,0.032189
36.12,0.032069
36.13,0.031831
36.14,0.031831
36.15,0.031712
36.16,0.031475
36.17,0.031475
36.18,0.031358
36.19,0.03124
36.2,0.031007
36.21,0.031007
36.22,0.030891
36.23,0.030659
36.24,0.030659
36.25,0.030544
36.26,0.03043
36.27,0.030201
36.28,0.030201
36.29,0.030088
36.3,0.029861
36.31,0.029749
36.32,0.029749
36.33,0.029637
36.34,0.029413
36.35,0.029413
36.36,0.029302
36.37,0.029191
36.38,0.028971
36.39,0.028971
36.4,0.028861
36.41,0.028642
36.42,0.028642
36.43,0.028534
36.44,0.028425
36.45,0.02821
36.46,0.02821
36.47,0.028102
36.48,0.027889
36.49,0.027889
36.5,0.027782
36.51,0.027676
36.52,0.027465
36.53,0.027465
36.54,0.02736
36.55,0.027152
36.56,0.027048
36.57,0.027048
36.58,0.026944
36.59,0.026738
36.6,0.026738
36.61,0.026635
36.62,0.026533
36.63,0.02633
36.64,0.02633
36.65,0.026228
36.66,0.026027
36.67,0.026027
36.68,0.025926
36.69,0.025826
36.7,0.025628
36.71,0.025628
36.72,0.025529
36.73,0.025332
36.74,0.025332
36.75,0.025234
36.76,0.025136
36.77,0.024942
36.78,0.024942
36.79,0.024845
36.8,0.024652
36.81,0.024557
36.82,0.024557
36.83,0.024461
36.84,0.024271
36.85,0.024271
36.86,0.024177
36.87,0.024083
36.88,0.023895
36.89,0.023895
36.9,0.023802
36.91,0.023616
36.92,0.023616
36.93,0.023524
36.94,0.023432
36.95,0.023249
36.96,0.023249
36.97,0.023158
36.98,0.022977
36.99,0.022977
37,0.022887
37.01,0.022797
37.02,0.022618
37.03,0.022618
37.04,0.022529
37.05,0.022352
37.06,0.022264
37.07,0.022264
37.08,0.022176
37.09,0.022002
37.1,0.022002
37.11,0.021915
37.12,0.021828
37.13,0.021656
37.14,0.021656
37.15,0.02157
37.16,0.0214
37.17,0.0214
37.18,0.021315
37.19,0.02123
37.2,0.021062
37.21,0.021062
37.22,0.020979
37.23,0.020812
37.24,0.020812
37.25,0.020729
37.26,0.020647
37.27,0.020483
37.28,0.020483
37.29,0.020401
37.3,0.020239
37.31,0.020158
37.32,0.020158
37.33,0.020077
37.34,0.019917
37.35,0.019917
37.36,0.019837
37.37,0.019758
37.38,0.0196
37.39,0.0196
37.4,0.019521
37.41,0.019365
37.42,0.019365
37.43,0.019287
37.44,0.01921
37.45,0.019056
37.46,0.019056
37.47,0.018979
37.48,0.018827
37.49,0.018827
37.5,0.018751
37.51,0.018675
37.52,0.018525
37.53,0.018525
37.54,0.01845
37.55,0.018301
37.56,0.018227
37.57,0.018227
37.58,0.018153
37.59,0.018007
37.6,0.018007
37.61,0.017934
37.62,0.017861
37.63,0.017717
37.64,0.017717
37.65,0.017645
37.66,0.017502
37.67,0.017502
37.68,0.017431
37.69,0.01736
37.7,0.017219
37.71,0.017219
37.72,0.017149
37.73,0.017009
37.74,0.017009
37.75,0.01694
37.76,0.016871
37.77,0.016733
37.78,0.016733
37.79,0.016665
37.8,0.016529
37.81,0.016461
37.82,0.016461
37.83,0.016394
37.84,0.01626
37.85,0.01626
37.86,0.016193
37.87,0.016061
37.88,0.015995
37.89,0.015995
37.9,0.015929
37.91,0.015799
37.92,0.015799
37.93,0.015734
37.94,0.015669
37.95,0.015541
37.96,0.015541
37.97,0.015477
37.98,0.015349
37.99,0.015349
38,0.015286
38.01,0.015223
38.02,0.015098
38.03,0.015098
38.04,0.015035
38.05,0.014911
38.06,0.014911
38.07,0.01485
38.08,0.014788
38.09,0.014666
38.1,0.014666
38.11,0.014606
38.12,0.014485
38.13,0.014425
38.14,0.014425
38.15,0.014365
38.16,0.014246
38.17,0.014246
38.18,0.014187
38.19,0.014128
38.2,0.014011
38.21,0.014011
38.22,0.013953
38.23,0.013837
38.24,0.013837
38.25,0.01378
38.26,0.013722
38.27,0.013608
38.28,0.013608
38.29,0.013552
38.3,0.013439
38.31,0.013439
38.32,0.013383
38.33,0.013327
38.34,0.013216
38.35,0.013216
38.36,0.013161
38.37,0.013051
38.38,0.012997
38.39,0.012997
38.4,0.012942
38.41,0.012834
38.42,0.012834
38.43,0.012781
38.44,0.012727
38.45,0.012621
38.46,0.012621
38.47,0.012568
38.48,0.012463
38.49,0.012463
38.5,0.012411
38.51,0.012359
38.52,0.012255
38.53,0.012255
38.54,0.012204
38.55,0.012102
38.56,0.012102
38.57,0.012051
38.58,0.012
38.59,0.0119
38.6,0.0119
38.61,0.01185
38.62,0.01175
38.63,0.011701
38.64,0.011701
38.65,0.011652
38.66,0.011554
38.67,0.011554
38.68,0.011505
38.69,0.011457
38.7,0.011361
38.71,0.011361
38.72,0.011313
38.73,0.011218
38.74,0.011218
38.75,0.011171
38.76,0.011124
38.77,0.01103
38.78,0.01103
38.79,0.010984
38.8,0.010891
38.81,0.010891
38.82,0.010845
38.83,0.010799
38.84,0.010709
38.85,0.010709
38.86,0.010663
38.87,0.010574
38.88,0.010529
38.89,0.010529
38.9,0.010485
38.91,0.010396
38.92,0.010396
38.93,0.010352
38.94,0.010309
38.95,0.010222
38.96,0.010222
38.97,0.010179
38.98,0.010093
38.99,0.010093
39,0.01005
39.01,0.010008
39.02,0.009924
39.03,0.009924
39.04,0.009882
39.05,0.009799
39.06,0.009799
39.07,0.009757
39.08,0.009716
39.09,0.009634
39.1,0.009634
39.11,0.009594
39.12,0.009513
39.13,0.009473
39.14,0.009473
39.15,0.009433
39.16,0.009353
39.17,0.009353
39.18,0.009314
39.19,0.009275
39.2,0.009197
39.21,0.009197
39.22,0.009158
39.23,0.009081
39.24,0.009081
39.25,0.009042
39.26,0.009004
39.27,0.008929
39.28,0.008929
39.29,0.008891
39.3,0.008816
39.31,0.008816
39.32,0.008779
39.33,0.008742
39.34,0.008669
39.35,0.008669
39.36,0.008632
39.37,0.00856
39.38,0.008524
39.39,0.008524
39.4,0.008488
39.41,0.008417
39.42,0.008417
39.43,0.008382
39.44,0.008347
39.45,0.008277
39.46,0.008277
39.47,0.008242
39.48,0.008173
39.49,0.008173
39.5,0.008139
39.51,0.008105
39.52,0.008037
39.53,0.008037
39.54,0.008004
39.55,0.007937
39.56,0.007937
39.57,0.007904
39.58,0.007871
39.59,0.007805
39.6,0.007805
39.61,0.007773
39.62,0.007708
39.63,0.007676
39.64,0.007676
39.65,0.007644
39.66,0.007581
39.67,0.007581
39.68,0.007549
39.69,0.007518
39.7,0.007456
39.71,0.007456
39.72,0.007425
39.73,0.007364
39.74,0.007364
39.75,0.007333
39.76,0.007303
39.77,0.007243
39.78,0.007243
39.79,0.007213
39.8,0.007154
39.81,0.007154
39.82,0.007124
39.83,0.007095
39.84,0.007037
39.85,0.007037
39.86,0.007008
39.87,0.006951
39.88,0.006922
39.89,0.006922
39.9,0.006894
39.91,0.006838
39.92,0.006838
39.93,0.00681
39.94,0.006782
39.95,0.006727
39.96,0.006727
39.97,0.0067
39.98,0.006646
39.99,0.006646
40,0.006619